"Timestamp","Rank the themes according to what you want to see.  You don't need to select a position for every choice, but can if you really want to. [Taiwanese movies]","Rank the themes according to what you want to see.  You don't need to select a position for every choice, but can if you really want to. [1950's movies]","Rank the themes according to what you want to see.  You don't need to select a position for every choice, but can if you really want to. [Musicals]","Rank the themes according to what you want to see.  You don't need to select a position for every choice, but can if you really want to. [Bionicle (All 4 movies)]","Rank the themes according to what you want to see.  You don't need to select a position for every choice, but can if you really want to. [Combination of live-action and animation]","Rank the themes according to what you want to see.  You don't need to select a position for every choice, but can if you really want to. [OH LAWD HALLELUJER (Movies featuring Tyler Perry's character Madea)]","Rank the themes according to what you want to see.  You don't need to select a position for every choice, but can if you really want to. [90s Horror]","Rank the themes according to what you want to see.  You don't need to select a position for every choice, but can if you really want to. [Fresco (The brutality of being a wagie and its psychological effects)]","Rank the themes according to what you want to see.  You don't need to select a position for every choice, but can if you really want to. [B-movies]","Rank the themes according to what you want to see.  You don't need to select a position for every choice, but can if you really want to. [Karate]","Rank the themes according to what you want to see.  You don't need to select a position for every choice, but can if you really want to. [Womanizing directors]","Rank the themes according to what you want to see.  You don't need to select a position for every choice, but can if you really want to. [Rock 'n' Roll]","What is your name in M4C?"
"2020/12/04 8:43:27 pm GMT","7th Choice","4th Choice","","5th Choice","1st Choice","2nd Choice","","6th Choice","3rd Choice","9th Choice","","8th Choice","RoytotheWorld"
"2020/12/04 8:46:59 pm GMT","4th Choice","9th Choice","6th Choice","3rd Choice","10th Choice","2nd Choice","7th Choice","","12th Choice","8th Choice","1st Choice","11th Choice","Bronard"
"2020/12/04 9:08:30 pm GMT","3rd Choice","7th Choice","6th Choice","","1st Choice","","9th Choice","","2nd Choice","4th Choice","8th Choice","5th Choice","DukeSilver"
"2020/12/04 9:11:31 pm GMT","","","","3rd Choice","","","","","4th Choice","2nd Choice","1st Choice","","MOTD"
"2020/12/04 9:32:44 pm GMT","1st Choice","2nd Choice","10th Choice","3rd Choice","11th Choice","12th Choice","8th Choice","6th Choice","4th Choice","","9th Choice","5th Choice","killmepls"
"2020/12/04 10:04:43 pm GMT","8th Choice","5th Choice","12th Choice","1st Choice","","11th Choice","9th Choice","2nd Choice","7th Choice","6th Choice","10th Choice","","rocksalt"
"2020/12/04 10:11:35 pm GMT","9th Choice","4th Choice","3rd Choice","5th Choice","7th Choice","12th Choice","1st Choice","10th Choice","11th Choice","2nd Choice","8th Choice","6th Choice","Goatsee "
"2020/12/04 10:24:32 pm GMT","","","","","4th Choice","5th Choice","","1st Choice","","","3rd Choice","2nd Choice","DOLE"
"2020/12/05 6:13:59 am GMT","","4th Choice","6th Choice","","1st Choice","12th Choice","","","3rd Choice","","2nd Choice","5th Choice","dumbass"
"2020/12/05 9:42:40 am GMT","","","","1st Choice","","","","2nd Choice","","","","","Alpherior"
"2020/12/05 8:59:26 pm GMT","","2nd Choice","","","","","","3rd Choice","1st Choice","","","","shreklovr"
"2020/12/06 7:43:30 pm GMT","","3rd Choice","8th Choice","6th Choice","7th Choice","9th Choice","1st Choice","2nd Choice","","5th Choice","4th Choice","","sym"
"2020/12/06 10:01:25 pm GMT","5th Choice","9th Choice","","3rd Choice","6th Choice","4th Choice","1st Choice","","2nd Choice","","8th Choice","7th Choice","castlebattleotad"